"Q1","Q2","Q3","Q4","Q5","Q6","Q7","Q8","Q9","Q10","Q11","Q12","Q13","Q14","Q15","Q16","Q17","Q18","Q19","Q20","Y"
6,5,6,5,3,7,4,3,4,6,5,4,4,4,4,4,3,3,4,4,513
3,1,5,5,2,2,3,2,5,7,1,4,5,1,4,3,6,2,5,6,1038
4,1,5,6,1,6,5,1,6,4,1,4,4,2,7,7,7,7,1,7,569
7,2,4,5,1,6,2,3,4,3,1,5,6,3,4,4,1,5,4,5,910
6,3,7,7,5,7,6,2,7,7,3,4,5,1,6,2,5,4,5,4,493
4,7,4,5,4,2,2,1,4,1,6,5,5,2,2,4,1,1,4,5,732
7,5,7,7,4,7,7,5,6,7,4,3,4,3,3,6,4,7,2,7,1383
7,1,7,7,3,7,7,1,7,7,5,6,6,1,4,5,4,5,3,7,734
5,2,6,4,2,7,5,1,1,4,4,4,4,1,6,2,5,5,6,4,198
7,5,6,6,4,7,7,1,7,7,2,3,3,5,6,4,7,7,5,7,168
7,2,6,5,3,7,5,5,6,4,5,1,2,2,4,3,7,4,5,6,60
6,3,6,5,3,4,3,3,2,3,4,1,1,4,5,6,7,4,2,6,273
7,3,7,5,2,6,7,3,3,4,6,3,3,4,4,2,5,7,6,5,310
4,4,6,5,1,4,3,6,1,4,6,5,5,5,1,4,2,1,4,5,1244
6,4,3,7,4,5,7,4,3,7,2,3,3,2,5,7,7,5,1,6,249
2,1,4,2,4,2,5,2,2,2,4,5,5,1,7,2,5,5,6,5,957
6,2,7,4,5,3,2,5,4,3,3,2,3,1,4,4,5,4,4,6,799
6,2,5,6,2,7,6,4,5,7,2,4,5,1,4,4,5,4,4,7,602
4,1,2,7,1,3,1,3,2,2,1,4,5,1,7,3,7,7,5,7,1071
7,1,7,7,2,7,2,2,4,7,3,3,4,1,1,7,4,4,1,7,619
6,3,4,3,4,6,5,1,2,5,3,4,4,1,4,6,6,3,2,7,626
6,1,4,7,2,4,7,5,7,7,2,7,7,1,7,4,7,7,3,7,1043
7,4,5,3,1,6,7,5,3,7,2,2,2,2,2,1,2,2,7,6,11
7,3,3,7,4,6,7,4,5,5,4,4,4,1,2,2,5,3,6,6,676
6,1,4,7,2,6,7,3,2,3,4,3,3,3,6,6,5,5,3,6,520
7,4,4,5,3,5,4,2,7,7,5,4,4,2,5,2,3,5,6,4,1039
7,1,7,7,1,4,4,2,5,2,3,5,6,2,7,7,6,7,1,7,1863
6,3,5,5,1,6,7,1,4,7,1,5,5,1,3,5,4,3,3,4,1129
3,1,7,7,1,6,4,1,5,5,1,6,7,1,5,6,6,5,2,7,1626
6,1,6,7,1,7,6,1,7,7,1,6,7,1,3,3,5,5,4,6,1210
7,2,7,7,1,7,7,1,7,7,1,4,5,1,6,5,4,7,3,7,1043
7,3,7,5,2,5,7,2,5,7,5,4,5,1,5,2,7,4,6,7,795
7,5,6,3,3,4,4,6,4,3,4,4,4,1,5,4,3,6,4,6,985
4,3,4,4,1,4,5,1,5,1,5,1,2,3,4,4,4,4,4,5,13
3,2,2,4,1,4,3,3,3,4,1,5,5,2,5,5,5,5,3,6,1088
7,4,6,6,1,6,7,2,5,6,1,4,5,1,6,4,5,7,4,5,256
3,1,5,3,2,4,2,4,3,5,5,3,3,3,6,7,4,2,1,5,1206
5,5,2,1,7,2,3,1,2,3,4,4,4,2,3,2,2,4,6,3,324
1,3,4,5,4,1,1,4,4,3,3,2,2,3,6,4,4,3,4,7,929
7,3,7,6,4,5,5,1,6,5,2,5,5,2,4,4,2,2,3,7,477
6,4,6,7,1,7,6,1,7,6,1,5,5,1,6,6,7,3,2,6,1405
7,6,3,4,4,6,6,4,1,6,7,4,4,5,2,6,3,1,2,4,765
4,5,5,2,2,5,2,4,4,5,5,5,5,2,5,3,7,6,5,6,969
5,2,1,5,1,6,5,2,4,6,1,5,5,2,6,6,6,7,2,5,920
7,3,7,5,1,3,5,1,5,7,2,3,4,3,6,5,3,4,3,5,1061
7,1,4,2,2,5,5,1,4,5,3,5,6,2,6,7,7,5,1,7,1592
5,1,7,6,2,4,7,3,5,6,3,5,6,1,5,7,6,5,1,6,1559
3,4,4,7,1,5,1,1,4,3,3,4,4,5,2,4,3,3,4,6,678
5,1,7,5,1,6,5,1,3,4,4,5,6,1,4,1,7,7,7,4,661
6,2,7,7,1,7,7,1,7,7,3,4,5,2,5,4,3,2,4,7,768
5,2,6,4,2,7,7,1,7,6,3,2,2,1,3,6,2,4,2,5,773
6,7,6,7,3,3,4,4,6,3,4,5,5,4,5,4,7,4,4,7,1244
7,1,5,7,1,7,7,1,5,4,1,5,6,1,5,3,6,5,5,6,1281
6,3,6,7,1,7,7,1,7,5,4,6,6,1,3,3,4,7,5,7,705
7,4,4,5,3,2,3,5,3,5,5,2,2,3,3,4,3,3,4,3,870
3,1,5,5,3,4,5,1,4,4,1,4,4,3,4,1,3,1,6,6,381
4,6,3,3,1,4,4,5,2,2,2,2,2,3,3,1,2,5,7,7,548
6,6,3,6,5,5,2,4,2,5,4,6,5,4,2,4,3,4,4,5,1518
3,4,4,4,3,6,7,7,5,4,7,3,3,4,3,5,1,4,3,3,690
7,3,7,5,5,7,4,3,6,4,4,7,7,1,5,4,7,5,3,7,1233
6,3,1,6,1,4,3,2,1,1,4,3,4,1,1,5,1,1,3,5,533
4,1,5,6,1,5,7,1,5,3,3,3,4,1,5,6,7,7,2,7,235
3,3,5,1,2,2,1,6,3,3,3,2,2,3,5,5,5,5,3,7,511
7,2,6,5,1,5,7,2,4,6,3,4,5,3,7,4,7,3,4,6,1293
6,2,4,2,1,5,7,2,6,4,4,6,7,4,4,6,5,4,2,7,1515
4,1,4,5,3,5,1,3,5,5,1,5,5,4,5,5,7,6,3,5,1132
2,6,4,3,4,3,3,3,4,2,4,2,2,4,4,5,4,5,3,5,250
6,3,6,5,3,7,4,1,4,6,1,2,3,1,2,3,3,3,5,7,741
5,1,3,4,1,6,5,2,4,5,1,3,4,1,4,3,3,4,4,4,987
5,1,5,5,2,7,4,1,3,6,1,5,6,1,3,4,5,4,4,6,723
6,1,7,6,1,7,6,1,5,5,1,7,7,2,7,6,4,5,2,7,1929
3,6,6,7,3,3,4,1,5,7,2,4,4,2,5,3,6,4,5,4,856
6,3,3,4,1,7,3,2,5,4,2,3,4,1,5,3,5,6,5,4,1334
7,1,3,4,2,3,4,1,4,5,5,5,5,3,7,6,7,5,2,7,751
7,1,7,6,1,7,4,2,6,7,2,5,5,2,7,7,7,6,1,7,1281
7,1,7,5,1,7,7,1,5,6,3,6,6,2,4,5,7,3,3,6,791
6,3,4,3,4,4,4,6,6,5,6,4,4,2,5,3,2,4,5,4,470
6,6,4,5,3,5,3,7,2,7,6,3,3,3,2,3,6,1,5,6,1045
7,1,1,5,1,7,4,1,2,4,1,3,4,1,7,5,7,6,4,7,658
7,1,7,7,2,7,7,1,6,7,1,5,5,1,2,5,4,6,3,6,1186
6,1,5,4,1,5,4,1,3,5,2,5,5,4,5,6,7,7,2,7,1498
7,5,1,2,2,6,4,6,2,6,6,4,4,4,4,5,5,4,3,3,1330
5,1,5,2,4,7,4,7,4,3,2,4,4,2,7,7,7,4,1,6,1372
5,4,5,3,1,5,5,3,3,6,5,4,4,3,7,7,6,5,1,7,935
4,1,4,5,1,3,3,1,4,3,6,3,4,1,4,5,2,5,3,7,863
5,2,6,2,1,4,3,1,2,5,2,3,3,7,3,6,7,6,2,6,609
5,4,4,6,1,7,6,1,3,3,1,5,5,1,4,6,5,5,2,3,855
7,5,3,4,2,1,7,1,4,5,3,7,7,2,7,3,7,5,5,5,1402
5,1,3,3,1,1,4,1,4,3,1,4,6,2,5,1,3,3,7,6,968
7,3,7,7,3,7,5,4,7,6,2,4,4,1,4,6,5,6,2,6,1161
2,4,1,5,3,3,3,5,2,3,2,4,4,5,2,1,5,3,7,6,673
5,6,4,5,4,7,3,1,4,4,3,4,4,3,2,4,4,4,4,4,631
6,1,7,7,1,7,7,3,5,7,3,6,6,1,7,6,6,5,2,7,800
7,1,7,5,4,5,6,3,7,6,1,4,5,1,2,3,2,2,4,4,535
7,3,7,4,2,5,4,3,4,5,1,4,5,3,3,1,3,4,6,6,1064
4,5,4,4,1,5,4,1,4,4,1,4,5,3,1,4,7,2,4,2,911
4,1,4,5,2,6,5,1,3,5,4,7,7,1,2,3,5,7,4,3,1228
5,1,4,5,1,5,1,5,3,4,3,3,3,1,6,3,4,7,5,7,1059
6,2,4,3,3,2,7,3,3,1,2,6,6,1,4,3,7,6,5,6,1528
1,5,7,1,1,3,1,4,2,5,5,4,3,1,7,6,7,7,2,7,892
2,1,7,7,1,7,7,1,7,6,1,5,6,2,7,4,7,7,4,7,818
2,2,7,7,1,6,5,1,3,6,2,6,6,2,6,3,7,5,5,7,1074
7,5,4,4,3,5,3,3,1,5,6,6,5,4,5,2,7,4,5,5,864
4,5,6,7,3,5,4,4,5,3,3,2,2,4,5,2,6,4,6,7,578
4,3,3,3,3,7,5,4,7,6,4,6,6,4,4,1,3,3,6,3,1037
5,4,2,3,2,5,2,4,1,5,4,3,3,3,2,1,5,2,7,7,386
7,3,7,6,2,7,5,5,6,6,5,3,4,1,3,6,4,2,2,3,693
3,1,3,4,2,5,2,1,2,5,2,5,5,2,5,5,3,7,3,7,733
5,4,3,3,3,6,6,3,3,4,3,3,3,1,7,3,7,7,5,6,142
5,2,3,4,1,4,5,1,7,4,1,7,7,1,4,4,3,1,3,5,1211
7,4,5,7,4,7,6,1,7,5,4,5,5,1,7,2,7,5,6,7,1011
7,7,5,5,1,7,3,2,4,3,2,4,4,2,5,4,7,7,4,5,1077
4,1,2,5,2,6,5,1,5,6,1,3,4,3,4,4,3,6,4,4,365
1,5,4,1,5,4,1,4,1,4,6,5,4,3,7,6,7,7,2,5,548
4,3,3,4,2,3,1,2,1,2,1,6,6,2,6,3,7,3,4,5,966
4,2,5,3,1,7,4,3,4,6,1,4,4,2,7,5,7,7,3,6,1474
5,1,7,3,1,6,2,7,1,5,1,1,2,4,7,3,6,3,5,7,155
7,1,6,7,1,5,7,1,7,5,1,5,6,3,4,7,5,7,1,5,1122
1,2,5,4,2,7,2,3,5,7,3,4,5,1,2,1,3,3,7,5,908
2,1,7,7,1,5,6,2,4,4,1,7,7,2,7,7,7,7,1,7,1637
7,3,7,7,2,5,6,3,6,4,2,3,4,1,5,7,5,7,1,7,394
7,1,7,7,1,7,7,3,6,7,3,6,6,1,6,6,6,7,2,6,608
6,2,4,5,3,4,6,5,3,5,6,1,1,1,7,5,5,7,3,6,124
5,3,3,4,3,3,5,1,1,4,3,3,3,5,6,4,5,4,4,4,772
4,1,4,2,3,4,5,1,3,1,6,4,5,5,1,4,4,1,4,6,1263
5,1,6,6,2,7,7,2,3,6,3,5,6,4,2,3,3,6,5,5,487
7,4,6,7,4,5,6,7,5,7,5,1,2,5,3,3,4,3,5,4,58
6,1,5,6,1,6,7,1,4,7,1,4,5,2,5,5,5,5,3,5,956
6,1,5,6,1,5,3,2,5,4,4,3,3,1,5,6,5,6,2,6,565
7,3,6,7,1,7,7,3,5,7,2,5,5,3,6,6,6,7,2,2,1439
7,4,7,5,1,6,6,1,3,6,4,3,3,4,6,2,7,5,6,7,302
4,1,5,5,7,4,7,2,4,4,6,5,5,3,2,3,3,2,5,5,912
5,4,2,3,7,4,1,5,1,3,5,4,4,4,4,1,3,4,7,7,327
5,5,7,4,2,7,4,5,4,2,2,2,3,3,4,4,5,4,4,7,959
4,1,7,7,1,7,3,1,5,5,4,6,6,1,7,4,5,6,4,7,722
7,4,7,6,4,7,6,3,4,4,5,4,4,1,5,4,6,3,4,6,1371
7,3,6,5,1,5,4,1,4,7,2,4,5,1,6,3,7,6,5,3,1221
7,1,4,6,1,3,4,3,4,7,3,1,1,3,5,7,3,4,1,4,890
5,4,7,6,1,5,5,1,7,7,1,5,6,1,7,3,6,5,5,7,894
7,2,5,3,1,6,7,2,4,4,3,4,4,2,5,6,3,6,2,6,964
6,6,5,4,4,5,4,4,5,7,4,3,3,1,4,7,6,5,1,5,1048
7,1,6,3,1,6,5,2,5,6,3,5,5,1,7,5,5,5,3,7,461
7,4,6,7,1,6,5,5,7,6,3,5,5,2,7,7,7,5,1,7,581
3,1,3,3,1,3,6,2,3,3,3,6,6,1,5,2,6,5,6,5,994
7,1,6,7,2,7,4,1,4,7,1,4,5,1,7,7,7,6,1,7,1164
7,1,7,7,1,7,7,1,7,7,1,6,7,1,5,6,6,6,2,7,1274
6,4,7,5,1,5,4,2,7,1,4,2,2,1,5,5,7,5,3,6,594
6,1,3,3,1,7,3,1,6,5,1,4,4,2,4,4,2,5,4,5,932
5,3,3,4,2,4,3,4,4,5,5,5,4,5,7,5,7,5,3,5,887
4,2,4,4,5,7,4,4,6,3,5,3,3,4,5,3,5,2,5,6,449
5,6,3,2,3,2,4,4,3,3,3,7,7,3,7,6,7,6,2,7,1692
7,4,4,6,3,7,3,4,7,7,6,3,3,3,6,4,6,7,4,7,943
7,6,4,7,3,6,7,3,6,4,4,5,5,6,2,2,1,5,5,5,1311
4,5,3,5,1,6,3,4,4,1,4,4,4,1,5,6,6,4,2,4,1419
6,1,7,6,2,3,3,1,5,3,1,5,6,1,3,4,3,5,4,3,574
6,7,4,5,3,6,5,7,3,6,7,3,3,5,7,3,6,6,5,7,401
7,4,7,7,3,6,7,4,7,5,6,4,4,3,2,3,5,4,5,5,419
7,4,6,7,1,5,7,2,4,7,4,2,2,1,4,7,4,4,1,6,812
5,4,7,4,4,6,7,2,5,7,5,4,4,3,6,6,4,5,2,6,1063
6,5,3,6,4,4,4,3,1,2,5,5,5,2,3,4,5,5,4,4,851
5,2,6,3,3,3,2,1,6,4,1,3,4,1,5,3,6,5,5,5,588
6,3,6,7,1,6,6,3,7,2,1,4,5,1,4,6,6,7,2,6,1208
6,1,6,7,1,2,6,1,7,3,1,7,7,1,4,4,4,7,4,7,1198
7,4,6,5,3,5,4,3,5,2,4,3,4,2,4,6,7,4,2,4,1060
3,5,3,3,1,5,2,4,2,3,3,3,3,3,3,3,3,5,5,1,302
4,3,1,6,2,2,2,4,4,5,7,1,1,4,4,4,2,4,4,6,197
6,1,7,4,1,7,7,1,5,7,1,3,4,1,5,5,6,6,3,6,750
7,3,6,6,4,6,4,5,5,7,3,2,3,3,1,6,3,6,2,7,360
4,1,5,6,1,7,5,1,5,5,1,5,5,4,6,6,7,5,2,7,1057
4,1,3,3,1,7,3,1,3,5,5,3,3,5,6,5,7,6,3,5,1057
6,6,5,7,3,7,6,4,6,4,5,4,4,3,6,3,7,4,5,6,567
2,4,3,4,1,5,1,6,1,1,5,3,3,4,3,5,3,4,3,5,427
4,5,4,5,3,4,4,2,4,2,7,1,1,1,5,6,4,2,2,7,1083
7,1,7,7,1,7,6,1,7,4,3,4,5,1,4,2,2,2,6,5,355
4,1,3,4,2,4,3,1,4,4,2,2,2,1,7,7,7,7,1,7,929
4,2,6,5,1,5,6,1,3,4,3,4,5,1,7,5,7,7,3,7,387
5,3,7,4,3,6,5,3,4,5,4,5,6,2,2,4,4,4,4,6,1085
4,2,5,6,1,6,3,1,4,5,2,4,5,1,7,5,7,5,3,6,1370
4,2,6,6,1,7,7,1,5,5,4,3,4,2,6,4,2,2,4,6,615
5,5,5,5,4,6,6,5,5,6,4,5,5,6,4,1,3,5,7,6,783
5,2,7,6,1,7,4,2,4,4,2,5,5,1,7,7,4,6,1,6,1569
6,5,7,7,4,7,7,3,7,6,5,3,3,1,4,6,6,5,2,7,976
6,1,7,7,1,5,5,1,3,3,1,6,6,1,4,6,7,6,2,4,1088
2,3,5,3,4,1,4,5,1,1,2,5,5,3,1,1,2,1,6,6,733
3,1,6,4,1,1,1,1,3,1,1,3,3,1,3,7,5,4,1,7,1464
5,1,2,7,1,4,6,2,7,5,2,7,7,1,5,5,4,3,3,3,1035
7,1,7,7,1,7,7,3,7,6,1,6,7,2,7,4,6,7,3,7,669
7,3,6,7,5,7,7,2,7,6,6,3,3,2,5,5,7,4,3,6,915
4,4,3,6,1,7,1,5,4,4,4,2,2,1,3,3,5,3,5,7,747
5,2,3,5,1,4,5,1,7,2,3,4,4,2,4,6,7,6,2,3,642
3,3,4,3,1,4,4,1,7,5,4,4,5,4,2,5,6,5,3,3,936
7,2,7,6,3,7,5,1,6,7,4,4,4,1,1,4,3,2,4,5,670
7,1,7,7,1,7,5,2,5,5,1,3,4,1,2,4,7,7,4,5,725
6,6,5,4,1,5,3,4,5,5,5,4,4,4,7,2,7,7,6,6,502
5,4,6,6,5,5,6,2,7,6,2,6,6,1,7,2,6,7,6,7,480
7,1,6,7,3,6,7,1,7,7,2,2,3,1,3,6,5,5,2,7,448
7,1,7,4,4,6,4,1,7,2,1,6,6,1,2,7,4,4,1,4,993
6,1,5,5,1,5,3,1,6,6,1,5,5,1,5,6,5,6,2,6,860
5,3,3,6,2,5,3,5,4,6,4,2,2,1,7,1,7,7,7,4,674
4,5,6,6,2,5,3,4,3,4,4,5,6,4,6,2,4,3,6,7,858
5,3,6,4,5,5,3,5,5,4,4,4,4,1,7,1,6,6,7,4,478
7,3,4,5,1,4,5,3,2,6,3,4,4,1,4,1,4,6,7,7,1017
5,1,5,7,1,7,6,7,7,5,1,7,7,1,6,4,6,4,3,4,1278
4,4,3,6,3,7,3,5,2,3,6,6,5,2,5,2,6,5,6,5,1122
6,2,6,6,2,5,5,3,7,4,1,6,7,3,5,2,5,4,5,7,484
4,3,7,4,5,3,4,5,4,5,4,3,4,3,2,4,2,4,4,4,709
6,4,5,4,7,5,5,4,7,5,4,4,4,2,4,4,4,5,4,5,1227
3,2,4,4,3,4,7,2,4,4,3,2,3,2,1,3,2,2,5,5,864
1,3,2,5,3,2,4,4,2,3,2,6,5,6,6,4,5,7,3,6,541
7,2,7,7,2,4,7,2,5,5,3,7,7,3,6,5,3,7,3,6,1211
7,3,5,7,3,7,6,1,5,7,5,2,3,1,2,4,4,4,4,6,744
4,3,1,5,3,5,5,5,4,4,7,2,2,4,6,4,7,4,4,5,455
4,2,4,4,1,3,4,4,2,4,3,4,5,2,3,3,7,7,5,4,898
7,5,5,6,4,6,4,6,5,3,4,4,4,3,5,4,5,5,4,7,1071
6,1,5,2,1,3,1,1,5,1,1,3,3,1,6,3,4,6,5,5,520
7,4,6,3,3,3,6,3,2,6,2,2,2,3,1,6,4,5,2,5,930
7,3,7,3,1,7,5,1,5,7,2,4,4,1,6,6,5,4,2,7,1329
4,5,3,5,3,4,4,5,6,5,2,2,2,1,4,3,4,7,5,4,395
4,2,6,4,3,6,6,3,7,6,1,5,5,2,4,3,5,4,5,5,615
2,3,7,6,2,5,7,4,5,3,5,3,4,2,5,1,4,6,7,6,535
3,1,7,4,1,7,2,2,4,7,1,6,7,1,4,4,6,6,3,3,1614
6,3,7,7,3,6,5,1,6,6,3,4,5,1,6,5,7,6,3,6,901
5,3,5,5,2,2,5,1,2,2,3,3,4,1,2,2,2,5,6,5,13
7,4,7,4,3,6,3,5,5,7,5,5,5,4,6,5,7,6,3,7,1430
2,4,2,2,4,5,3,2,1,1,5,3,3,1,3,1,3,3,7,4,256
4,4,6,5,2,4,5,4,3,4,1,5,5,1,2,5,3,4,3,7,524
3,1,5,7,1,3,6,1,4,6,3,3,4,1,5,4,4,5,4,7,679
6,1,7,6,1,5,6,2,7,7,1,4,5,1,7,5,7,5,3,6,1069
6,7,5,5,1,5,7,1,4,7,2,5,6,1,4,5,5,4,3,7,509
1,3,6,6,2,4,5,4,4,4,5,3,3,2,7,1,4,4,7,6,290
6,1,7,7,1,5,3,1,2,7,1,4,5,1,6,2,5,6,6,2,826
7,2,4,6,3,3,5,1,3,7,4,6,6,1,6,3,3,3,4,7,626
5,1,4,5,1,7,6,1,3,3,1,4,5,1,3,6,5,7,2,6,535
6,2,7,5,2,7,7,2,4,7,3,5,5,1,5,5,7,5,3,7,465
7,3,7,6,3,7,5,1,7,5,2,5,6,2,4,3,7,5,5,4,440
7,3,4,7,2,7,5,6,7,6,2,4,4,1,5,3,3,5,5,7,432
3,4,6,3,4,5,5,1,3,3,3,3,3,2,2,6,4,6,2,7,1372
7,1,6,4,4,5,3,3,3,3,2,4,5,1,4,4,3,2,4,6,1270
7,1,2,4,4,7,6,3,7,4,3,3,4,1,1,3,2,1,5,6,1022
4,2,7,2,1,6,5,2,6,4,1,5,6,1,4,4,7,5,4,4,785
4,1,6,4,4,4,7,3,6,7,2,7,6,3,5,5,4,5,3,5,915
4,5,5,7,5,5,6,7,4,6,2,6,6,3,2,5,3,3,2,5,1047
6,1,6,3,1,7,3,1,5,2,1,4,5,3,5,4,6,5,4,6,1156
4,1,6,6,3,5,3,6,5,5,5,5,5,2,5,4,2,7,4,6,1117
6,2,7,4,3,7,6,3,5,7,1,6,6,2,4,7,7,5,1,5,1658
2,4,6,4,1,4,4,2,2,5,1,4,5,1,3,2,6,2,6,2,793
6,7,5,5,4,7,2,1,4,6,3,2,2,5,5,4,7,7,4,7,151
6,3,5,7,6,7,6,4,7,4,3,5,5,3,4,2,4,4,6,7,469
4,1,4,4,1,2,3,1,6,5,1,6,7,1,7,4,5,1,3,7,1157
6,2,7,5,1,5,6,1,1,5,3,3,3,1,3,5,4,3,2,5,713
6,2,6,7,1,7,3,3,1,5,3,2,2,1,7,5,7,6,3,7,174
3,3,5,5,2,7,5,3,4,5,4,4,5,2,6,2,6,5,6,5,237
5,2,4,5,4,5,4,2,5,3,1,4,4,1,4,7,7,7,1,5,807
7,3,7,7,3,7,7,2,7,6,1,6,7,3,2,6,5,4,2,7,913
5,1,5,5,5,5,3,4,4,5,4,2,3,4,1,4,3,6,4,3,173
4,4,5,5,2,4,6,4,2,4,2,7,7,3,4,4,7,2,4,6,1010
7,3,6,7,2,7,7,6,7,7,7,3,3,2,5,3,7,3,5,7,1109
1,6,2,4,7,4,3,5,1,1,5,1,1,2,2,1,2,4,7,6,136
7,1,6,6,3,5,4,3,5,7,3,6,6,2,7,6,7,4,2,5,1162
3,2,4,5,4,6,4,1,4,3,6,4,4,3,1,1,5,5,6,7,744
7,1,7,7,3,7,7,2,4,5,2,5,5,1,7,4,6,7,4,7,967
6,1,4,7,1,7,2,4,2,4,2,4,4,1,2,2,5,4,6,6,922
1,1,2,2,1,4,3,1,3,1,1,3,3,1,5,3,5,5,5,5,696
7,5,3,4,1,7,7,1,5,5,4,5,5,2,7,6,7,3,2,7,1329
7,4,4,6,5,6,6,5,7,5,3,5,5,4,2,5,4,6,2,6,1145
6,2,4,5,1,4,5,1,6,4,1,5,6,1,5,3,3,6,5,7,942
5,5,3,4,5,5,2,2,4,5,5,3,3,3,5,3,4,2,5,6,251
4,1,7,4,4,7,4,1,6,4,1,5,5,2,7,5,6,7,3,7,366
5,1,5,3,1,4,4,1,3,4,1,4,4,1,3,5,5,3,3,4,1089
5,1,4,4,3,5,4,3,3,4,1,6,7,1,2,3,3,3,5,6,1448
3,1,2,4,1,6,6,5,4,4,3,4,4,1,7,3,7,7,5,7,529
4,2,6,5,3,5,6,3,3,7,3,4,5,2,5,4,7,3,4,5,1032
6,1,5,7,1,7,7,1,5,5,2,4,5,1,4,3,1,4,4,7,996
5,5,4,4,6,4,4,2,3,4,6,2,1,3,6,3,4,5,5,4,513
4,7,3,2,5,6,2,4,4,3,4,1,2,3,1,1,4,2,7,1,14
3,4,2,2,6,6,5,4,3,3,5,4,4,5,5,4,7,7,4,7,1190
6,3,6,3,3,2,5,4,2,3,2,2,2,3,2,3,3,3,5,5,555
4,1,1,4,2,4,3,3,3,5,2,3,4,2,3,2,6,6,6,7,390
6,1,7,6,3,7,4,3,6,6,5,3,4,1,6,3,6,4,5,5,378
4,3,2,7,3,7,7,1,6,5,6,7,7,3,7,5,5,4,2,7,1194
6,4,2,4,2,7,4,3,4,4,4,3,3,4,1,5,2,3,3,5,1156
6,2,3,5,6,5,5,4,7,5,3,3,3,4,3,1,1,3,7,7,578
4,4,5,6,2,4,6,3,5,7,1,3,4,1,1,2,5,1,6,5,1093
3,4,4,3,6,2,5,4,1,6,5,3,3,4,7,2,4,3,6,5,1060
6,4,7,7,4,7,3,4,7,6,1,4,5,4,3,3,3,3,5,6,898
5,4,7,5,2,7,4,4,6,5,4,2,3,2,6,1,7,5,7,7,232
6,7,6,7,6,6,5,2,6,7,5,4,4,2,7,3,7,6,5,7,923
2,1,3,6,1,7,6,1,3,3,2,6,6,2,4,5,5,6,3,5,716
5,2,5,4,2,5,5,4,4,2,5,2,3,4,4,5,5,4,3,5,1139
7,1,7,6,1,7,7,1,6,7,1,4,5,2,7,5,6,5,4,4,285
7,5,7,7,3,7,7,4,5,5,3,6,6,2,6,4,4,5,4,5,1049
7,1,7,7,3,7,7,2,7,5,3,4,5,2,7,3,3,5,5,5,1243
3,6,4,3,5,4,7,2,7,6,6,3,3,5,7,3,5,6,5,4,217
3,2,4,4,3,5,4,3,1,2,5,1,2,4,4,4,1,1,4,7,108
4,1,3,5,1,4,5,3,7,6,2,6,6,1,7,2,7,5,6,7,1093
5,4,7,5,1,6,7,3,5,4,5,3,4,1,4,1,3,2,7,5,499
5,2,5,4,2,3,3,1,3,7,3,5,5,1,2,3,5,5,4,5,549
3,1,6,6,4,7,7,2,5,7,1,4,4,1,7,3,7,6,5,6,1063
5,2,3,4,4,5,4,4,5,4,2,5,5,5,4,5,3,1,3,4,577
4,1,6,4,1,4,1,2,5,3,1,5,6,1,5,2,4,4,6,3,497
6,1,6,6,2,5,2,1,5,6,1,4,5,1,7,2,5,5,6,6,1213
5,3,2,7,4,5,5,2,4,4,1,5,6,1,7,3,7,7,5,6,652
3,2,4,4,4,2,5,3,2,3,4,2,2,1,6,3,4,7,5,6,1040
5,4,7,4,3,3,3,1,3,6,3,5,5,3,3,6,5,6,2,4,649
6,2,4,4,1,4,2,3,4,2,2,6,6,1,7,4,7,6,4,6,1262
4,2,3,7,3,6,6,1,5,7,3,7,7,4,4,3,4,3,5,7,1576
7,1,4,4,2,7,4,1,6,4,2,7,7,1,4,6,7,5,2,4,946
6,3,7,7,3,7,7,1,7,7,3,2,3,1,2,1,1,5,7,1,479
7,2,7,6,3,5,3,1,6,5,2,4,4,1,6,5,7,7,3,7,1193
3,1,7,6,1,6,5,1,4,7,3,3,4,3,7,6,7,7,2,7,1005
7,2,6,7,1,7,7,4,7,7,3,3,4,2,6,2,5,6,6,7,621
6,2,4,5,1,5,2,2,3,2,4,4,4,1,2,5,5,6,3,6,1405
7,1,7,5,3,6,7,7,7,7,1,5,5,3,7,5,6,6,3,5,657
3,4,6,4,1,6,3,4,1,4,1,2,3,1,3,3,2,6,5,3,772
7,2,7,6,2,7,4,6,7,6,4,4,4,2,2,7,6,5,1,4,1035
6,1,7,3,4,7,6,1,4,6,1,5,5,4,6,5,7,7,3,5,1189
2,3,3,3,1,2,2,1,1,3,5,3,3,4,3,4,4,4,4,4,981
7,2,5,7,2,7,7,2,4,7,1,6,6,2,7,7,7,4,1,6,1007
4,4,2,6,2,6,3,1,2,1,2,5,5,2,2,4,2,4,4,3,1030
7,1,5,2,5,6,5,2,5,3,5,5,5,1,7,2,5,7,6,5,590
7,6,6,2,5,7,5,6,3,4,4,5,4,3,5,4,7,6,4,4,639
5,1,5,4,2,7,5,2,2,6,4,5,5,6,2,6,7,6,2,6,694
5,5,3,6,5,5,5,7,5,3,4,4,4,3,6,5,4,4,3,4,1436
6,1,4,6,1,6,5,1,5,6,1,6,7,1,7,6,6,4,2,7,1009
5,2,6,6,1,4,5,3,3,2,1,4,4,1,7,5,6,6,3,7,1127
4,3,2,3,1,7,6,2,3,5,1,5,6,1,6,1,5,5,6,5,1044
4,2,6,7,4,6,5,1,5,4,2,6,6,2,3,4,5,4,4,7,1648
5,2,4,5,3,6,6,4,2,6,3,6,6,4,2,4,4,3,4,6,1428
7,4,7,7,1,6,4,2,7,7,2,4,5,2,2,4,3,2,4,7,539
5,1,6,3,1,4,7,1,4,4,1,7,7,1,6,5,7,7,2,7,1504
6,3,3,5,1,3,4,3,3,7,1,4,4,1,6,4,5,3,4,6,315
2,4,1,3,3,6,2,1,2,3,2,4,5,1,5,1,6,5,7,4,250
7,2,5,4,3,6,6,1,7,4,3,6,6,2,4,5,4,4,2,5,1617
3,1,5,7,1,4,1,3,6,5,4,5,5,1,7,7,7,5,1,6,884
4,2,4,6,5,7,5,4,4,3,1,1,2,3,5,4,1,3,4,4,11
7,1,7,6,1,6,7,3,7,7,2,7,7,1,6,6,5,4,2,6,1294
6,2,3,3,1,3,5,2,3,4,3,4,4,2,5,2,4,2,6,5,983
7,3,5,7,4,4,7,1,7,4,1,3,4,3,4,2,5,5,6,6,407
7,1,5,5,1,3,7,1,7,7,2,5,6,1,7,6,6,5,2,7,865
3,4,7,2,1,3,6,5,3,5,5,6,6,4,6,3,3,7,5,6,798
4,1,6,6,1,6,4,1,2,5,2,3,4,1,3,2,5,3,6,5,293
5,2,4,3,3,7,4,2,3,7,3,4,4,2,5,7,4,1,1,4,893
6,1,7,7,1,5,7,2,7,5,2,4,5,2,5,3,5,4,5,6,616
4,1,5,6,3,2,2,2,1,3,3,4,4,1,7,3,3,4,5,7,1078
5,3,1,7,3,6,5,3,2,6,5,4,5,1,4,4,3,7,4,6,790
7,5,4,3,5,7,6,4,6,5,5,4,4,4,5,4,4,5,4,6,474
3,3,3,4,3,1,1,1,1,3,4,5,5,3,7,3,4,6,5,5,1166
4,1,4,3,4,3,1,2,3,4,3,3,3,1,3,4,5,4,4,7,941
3,3,4,4,1,6,3,3,5,4,4,4,4,4,4,4,4,5,4,4,774
5,2,4,3,2,7,5,1,2,1,1,4,5,3,4,3,4,5,5,5,576
7,1,6,7,2,7,5,4,5,7,7,3,3,4,3,5,2,7,3,7,491
5,3,7,3,1,6,7,1,7,5,2,6,6,1,7,4,7,7,4,7,693
5,4,5,3,4,5,2,2,2,4,5,5,5,1,7,5,7,7,3,6,1153
4,1,7,7,1,7,6,1,3,5,2,4,4,2,7,7,6,6,1,6,1032
3,4,1,4,1,3,4,2,1,2,4,4,5,3,4,2,7,4,6,5,1359
7,1,7,7,1,7,5,3,5,5,2,5,6,1,7,5,7,6,3,5,1020
7,3,6,4,3,6,7,1,3,5,5,3,4,3,3,7,2,6,1,3,1379
6,2,5,4,1,5,1,2,3,3,6,2,3,1,4,2,4,6,6,5,697
6,1,5,6,1,3,4,1,3,5,1,4,4,1,6,5,1,5,3,7,894
6,4,2,7,1,5,5,3,7,7,3,3,3,2,6,5,6,6,3,7,293
7,1,3,7,4,5,6,1,5,5,1,4,5,1,5,2,4,3,6,6,748
4,2,7,7,1,3,6,1,6,6,1,6,6,1,6,7,7,5,1,6,857
3,1,3,7,1,2,6,1,5,6,6,5,5,1,7,7,7,6,1,6,1042
3,6,6,5,1,2,4,2,1,5,5,1,2,3,1,3,3,3,5,6,843
7,1,7,5,4,5,4,4,7,7,6,5,5,3,6,7,5,7,1,5,972
7,1,7,7,3,7,7,1,6,7,1,4,5,1,2,3,2,5,5,4,1114
6,2,5,6,4,3,7,1,7,3,4,4,4,2,5,5,7,7,3,6,697
7,3,2,5,4,3,3,4,6,5,4,3,3,5,7,1,5,5,7,6,309
7,2,7,6,1,7,7,3,7,4,2,5,6,1,7,3,7,7,5,7,677
3,4,6,4,6,5,4,3,7,6,7,5,5,5,1,1,1,3,6,2,1038
6,4,4,5,1,2,2,3,5,4,1,2,3,3,6,6,4,3,2,5,1048
5,1,3,2,1,3,3,2,4,3,1,3,3,1,5,2,5,6,6,5,1024
1,3,2,6,2,7,7,1,3,7,1,1,2,3,4,1,4,4,7,5,583
4,3,7,6,2,7,7,1,6,5,4,7,7,2,5,5,3,6,3,7,720
5,3,4,7,3,4,6,1,7,7,6,3,3,3,5,2,7,4,6,6,437
7,3,7,7,3,7,7,1,7,3,2,3,3,2,4,7,6,6,1,7,1154
5,1,5,4,2,4,6,3,3,6,3,3,3,2,6,6,5,7,2,7,451
5,3,6,7,2,7,4,1,4,4,2,4,5,2,5,3,7,7,5,7,731
6,3,5,4,1,7,7,1,6,4,3,3,3,4,4,5,6,4,3,4,1205
4,4,3,5,1,5,3,1,5,7,2,3,4,1,3,6,4,5,2,5,598
5,2,4,7,2,5,5,1,6,6,3,4,4,4,5,6,6,3,2,7,1170
4,2,6,5,2,5,6,1,5,5,1,2,3,1,3,5,6,4,3,4,358
3,1,5,7,1,3,6,3,7,3,3,2,3,2,6,3,7,7,5,5,345
6,1,7,6,1,7,7,3,7,7,1,7,7,2,6,7,5,6,1,7,999
6,3,4,5,4,7,3,3,4,3,5,3,3,2,5,3,7,4,5,5,538
7,1,7,7,2,7,7,1,7,7,1,5,6,1,2,2,2,5,6,4,911
4,3,6,1,4,5,6,3,5,4,4,3,3,1,6,4,7,5,4,7,436
7,1,5,7,5,3,2,3,5,2,1,4,4,2,6,5,5,5,3,7,416
2,2,4,4,3,6,2,3,4,3,2,4,4,1,6,4,5,6,4,4,1029
7,5,7,7,1,7,7,1,6,5,4,5,5,1,4,2,7,6,6,3,334
6,2,5,2,1,5,6,2,5,5,2,7,7,3,7,3,6,7,5,6,754
5,2,7,7,1,6,7,2,4,7,3,6,6,3,7,5,5,6,4,7,763
7,1,7,4,5,7,7,3,5,7,7,5,6,3,5,6,5,6,2,7,713
6,1,5,6,1,6,7,2,6,7,3,5,6,2,4,7,3,4,1,3,1398
3,1,1,5,3,4,3,3,2,3,4,5,5,1,6,5,3,7,3,7,1515
6,2,7,6,4,7,4,1,7,7,2,7,7,2,6,6,4,5,1,5,1467
7,1,7,7,1,5,4,3,6,6,5,1,2,1,7,6,7,7,2,7,298
4,1,7,7,1,7,7,1,5,6,2,3,3,6,6,4,7,7,4,7,879
7,6,7,7,1,7,7,3,7,7,5,7,7,1,7,2,7,7,6,7,1304
7,1,4,4,2,2,5,3,3,7,2,2,2,3,4,6,7,5,2,7,555
6,4,7,2,2,5,1,6,2,1,6,4,4,2,4,3,5,2,4,7,487
4,1,5,5,1,7,7,2,2,5,1,5,6,2,2,5,4,7,3,7,1441
6,5,7,5,4,7,1,3,5,3,7,4,4,4,7,1,2,6,6,5,1159
5,1,7,2,2,7,7,2,6,7,2,1,2,1,1,5,4,2,3,5,438
1,6,1,3,3,1,3,3,1,2,4,2,2,2,5,1,7,6,7,4,192
6,2,6,6,1,6,4,2,5,6,2,4,4,3,5,4,4,6,4,5,1130
7,1,5,6,6,3,5,1,4,6,1,5,6,1,7,5,5,3,3,7,638
7,1,7,7,2,7,6,3,7,6,3,3,4,1,1,6,5,2,2,4,841
4,1,4,7,1,7,5,2,5,7,3,5,5,1,6,5,7,7,3,4,1428
5,1,5,4,4,7,6,2,7,6,4,5,5,1,4,4,4,5,4,5,1057
5,4,5,3,4,6,5,2,3,4,1,5,5,1,5,3,2,5,5,7,590
4,3,5,5,1,6,4,2,4,5,3,5,5,1,7,4,5,3,4,7,1009
4,1,7,7,1,5,1,3,5,4,4,4,4,4,1,2,4,2,5,6,892
7,4,7,5,4,7,7,1,7,6,1,7,7,1,5,7,7,7,1,7,1117
7,3,7,7,1,7,4,3,6,6,1,5,5,4,3,3,6,3,5,4,657
4,1,6,5,2,2,4,3,4,4,5,3,3,1,4,6,3,4,2,4,421
7,2,4,7,2,5,4,1,7,7,1,5,6,3,6,4,2,6,4,7,1335
5,1,6,5,1,5,4,1,2,6,1,4,5,1,1,4,4,2,4,5,837
7,1,7,4,1,7,7,2,7,7,1,2,3,1,4,3,7,3,5,7,942
7,6,7,4,6,4,4,6,3,4,5,2,2,4,3,6,6,1,2,3,977
2,3,3,7,4,7,6,6,5,7,4,3,3,2,7,7,7,6,1,5,670
7,2,6,4,1,7,3,2,6,3,4,3,4,2,5,4,7,7,4,6,276
7,7,6,7,5,7,5,5,6,7,5,5,5,5,3,3,5,3,5,6,1036
2,6,1,2,3,1,1,1,3,2,6,4,4,1,5,1,6,6,7,5,679
6,1,4,6,1,5,5,1,3,3,1,4,5,2,5,5,4,4,3,7,1235
5,1,5,7,1,7,4,1,5,4,3,4,5,1,5,2,7,6,6,7,541
3,2,4,6,2,1,3,4,2,3,6,2,2,1,5,4,3,2,4,4,1020
4,2,3,6,1,7,3,1,4,1,5,3,3,1,7,5,5,7,3,7,957
6,1,7,5,3,4,5,1,4,3,2,5,6,1,2,5,4,3,2,6,1152
4,3,3,2,2,4,4,4,1,1,3,2,2,5,6,3,5,5,5,7,765
7,1,7,7,1,7,5,3,5,4,5,4,4,1,7,7,7,6,1,7,600
5,2,7,4,2,4,4,3,4,4,6,3,3,2,1,4,3,4,3,7,1001
7,3,6,6,1,7,4,1,4,3,4,3,3,3,4,7,5,7,1,4,897
5,4,5,4,1,4,5,1,2,4,1,6,7,1,7,5,7,4,3,7,1586
4,2,7,5,2,5,6,3,6,6,5,5,6,1,7,6,5,6,2,3,1092
3,2,2,2,3,3,5,1,3,4,4,4,4,3,4,2,6,4,6,4,267
7,2,7,7,1,6,6,4,7,7,3,3,3,2,5,3,4,5,5,4,213
6,1,6,3,1,7,2,2,4,4,1,6,7,2,1,5,5,5,2,3,1020
2,2,6,4,1,2,6,3,2,6,5,5,5,1,6,6,5,7,2,5,832
2,3,4,2,2,2,2,3,1,1,4,4,4,3,4,1,5,3,7,5,534
5,3,4,1,2,5,4,2,3,5,5,4,4,1,4,5,6,6,3,3,456
7,1,7,5,2,5,5,4,5,1,1,5,5,2,4,7,5,6,1,4,1300
6,3,7,5,1,7,5,2,5,7,3,5,5,1,4,4,2,4,4,6,898
5,3,3,6,3,5,5,2,3,4,4,5,5,1,6,4,5,7,4,7,1291
5,2,6,5,1,7,7,2,3,7,2,6,6,4,5,7,6,7,1,7,1197
5,1,4,7,2,6,5,1,3,5,2,4,4,2,4,3,1,5,5,5,629
7,1,5,6,1,7,7,3,5,6,1,2,4,1,3,1,6,7,7,7,667
7,7,6,3,7,5,4,3,5,2,7,1,1,4,1,4,4,1,4,2,748
7,5,6,7,2,3,7,5,1,3,1,2,3,1,2,5,2,1,3,6,649
7,1,7,7,1,4,7,1,5,7,1,2,3,3,7,6,5,3,2,7,548
